item,classification,value,unit,period_or_as_of_date,primary_source_and_locator,rationale,independent_check,uncertainty_or_failure_mode
Total revenue,reported fact,184992,USD millions,FY ended 2024-12-31,"Ford Motor Company 2024 Form 10-K, Consolidated Income Statements (SEC accession 0000037996-25-000013; p. 108)","Starting scale for the consolidated business; includes Company excluding Ford Credit and Ford Credit revenue.","172706 Company excluding Ford Credit + 12286 Ford Credit = 184992 total revenue.","Consolidated revenue mixes automotive and financing operations; do not use it with Company-only operating inputs without defining scope."
GAAP operating income,reported fact,5219,USD millions,FY ended 2024-12-31,"Ford 2024 Form 10-K, Consolidated Income Statements (p. 108)","GAAP operating-income starting point before Company debt interest and non-operating/equity-method items.","184992 total revenue - 179773 total costs and expenses = 5219.","This is consolidated and includes Ford Credit; it is not the same measure as Company adjusted EBIT."
Income tax provision and implied effective rate,reported fact,"1339; 18.51%",USD millions; percent,FY ended 2024-12-31,"Ford 2024 Form 10-K, Consolidated Income Statements and Note 7 (p. 108 and income-tax note)","Use the provision and pretax income only after assessing whether the forecast tax convention is comparable.","1339 / 7233 income before income taxes = 18.51%.","Effective rate can be affected by discrete items and jurisdictions; it is not automatically a forward tax-rate assumption."
Depreciation and tooling amortization,reported fact,7567,USD millions,FY ended 2024-12-31,"Ford 2024 Form 10-K, Consolidated Statements of Cash Flows (p. 110)","Non-cash expense added back in a cash-flow reconciliation; record separately from other amortization.","Cash-flow statement separately reports other amortization of negative 1700, so do not combine it silently.","Consolidated amount includes Ford Credit; reconcile the segment scope before using in an automotive FCFF forecast."
Capital spending,reported fact,-8684,USD millions,FY ended 2024-12-31,"Ford 2024 Form 10-K, Consolidated Statements of Cash Flows (p. 110)","Cash outflow for capital spending; negative sign preserves the cash-flow-statement convention.","MD&A identifies 2024 capital spending as 8.6 billion; rounded disclosure agrees with -8684 million.","Do not include acquisitions of finance receivables and operating leases as automotive capex without an explicit Ford Credit policy."
Operating working capital proxy,calculated output,5546,USD millions,As of 2024-12-31,"Ford 2024 Form 10-K, Consolidated Balance Sheets (p. 109): trade and other receivables 14723; inventories 14951; payables 24128","Preliminary operating-NWC proxy: trade receivables + inventory - payables; finance receivables are deliberately excluded.","14723 + 14951 - 24128 = 5546.","This is a point-in-time consolidated proxy, not the cash-flow change in operating NWC; accrued liabilities and Ford Credit allocation need a stated policy."
Cash available to Company excluding Ford Credit,reported fact,13663,USD millions,As of 2024-12-31,"Ford 2024 Form 10-K, Note 9 / balance-sheet segment disclosure: Company excluding Ford Credit cash and cash equivalents","Candidate non-operating asset only for a Company-excluding-Ford-Credit valuation scope.","Consolidated balance-sheet cash is 22935; 13663 Company excluding Ford Credit + 9272 Ford Credit = 22935.","Cash is not automatically excess cash; minimum operating cash and restricted cash require further evidence."
Company debt excluding Ford Credit,reported fact,20654,USD millions,As of 2024-12-31,"Ford 2024 Form 10-K, Note 18 Debt and Commitments","Debt claim for a Company-excluding-Ford-Credit enterprise-to-equity bridge.","1756 debt payable within one year + 18898 long-term debt payable after one year = 20654.","Do not subtract the 137868 Ford Credit debt without also defining treatment of Ford Credit finance receivables and operations."
Diluted weighted-average common shares,reported fact,4021,million shares,FY ended 2024-12-31,"Ford 2024 Form 10-K, Consolidated Income Statements, earnings-per-share table (p. 108)","Annual diluted weighted-average share convention used for 2024 EPS; record separately from a valuation-date share count.","5879 net income attributable to Ford / 1.46 diluted EPS is approximately 4027 million because of rounding; reported weighted average is 4021 million.","A per-share valuation at another date should use a date-matched diluted share count rather than this annual weighted average."
Noncontrolling interests,reported fact,23,USD millions,As of 2024-12-31,"Ford 2024 Form 10-K, Consolidated Balance Sheets (p. 109)","Potential non-common claim in a consolidated bridge; shown separately rather than ignored.","Total equity 44858 - equity attributable to Ford 44835 = 23.","Whether it is deducted depends on whether enterprise value includes the related subsidiary operations."
Bridge status,calculated output,"NOT COMPUTED",N/A,As of 2024-12-31,"Prepared from the cited Ford 2024 Form 10-K rows above","No enterprise value or valuation date is supplied, and cash/debt scope must be aligned before calculating common equity value or per-share value.","The cash reconciliation and debt reconciliation above establish a Company-excluding-Ford-Credit basis but do not establish enterprise value.","Forcing a bridge with consolidated debt/cash, a Company-only EV, or annual weighted-average shares would create a scope/date contamination."
